Epoch (UTC),Epoch (MJD),q0,q1,q2,q3
Mar 16 2025 19:01:00.000000000,60750.792789351843,0.32714012807604,0.68277389541091,0.26818568316262,0.59571413066087
Mar 16 2025 19:02:00.000000000,60750.793483796289,0.32710389817598,0.68273631946188,0.26822647959997,0.59575872234878
Mar 16 2025 19:03:00.000000000,60750.794178240736,0.32706766618965,0.68269873915808,0.26826727432638,0.59580331023845
Mar 16 2025 19:04:00.000000000,60750.794872685183,0.32703143211790,0.68266115450040,0.26830806734090,0.59584789432884
Mar 16 2025 19:05:00.000000000,60750.795567129622,0.32699519596075,0.68262356548887,0.26834885864349,0.59589247461992
Mar 16 2025 19:06:00.000000000,60750.796261574069,0.32695895771863,0.68258597212393,0.26838964823366,0.59593705111114
Mar 16 2025 19:07:00.000000000,60750.796956018516,0.32692271739116,0.68254837440519,0.26843043611186,0.59598162380299
Mar 16 2025 19:08:00.000000000,60750.797650462955,0.32688647497919,0.68251077233353,0.26847122227711,0.59602619269443
Mar 16 2025 19:09:00.000000000,60750.798344907402,0.32685023048294,0.68247316590918,0.26851200672918,0.59607075778517
Mar 16 2025 19:10:00.000000000,60750.799039351848,0.32681398390224,0.68243555513196,0.26855278946825,0.59611531907543
Mar 16 2025 19:11:00.000000000,60750.799733796288,0.32677773523752,0.68239794000232,0.26859357049385,0.59615987656468
Mar 16 2025 19:12:00.000000000,60750.800428240735,0.32674148448922,0.68236032052071,0.26863434980546,0.59620443025238
Mar 16 2025 19:13:00.000000000,60750.801122685181,0.32670523165715,0.68232269668695,0.26867512740331,0.59624898013875
Mar 16 2025 19:14:00.000000000,60750.801817129621,0.32666897674176,0.68228506850148,0.26871590328690,0.59629352622326
Mar 16 2025 19:15:00.000000000,60750.802511574067,0.32663271974307,0.68224743596433,0.26875667745620,0.59633806850589
Mar 16 2025 19:16:00.000000000,60750.803206018514,0.32659646066234,0.68220979907682,0.26879744990980,0.59638260698507
Mar 16 2025 19:17:00.000000000,60750.803900462954,0.32656019949835,0.68217215783767,0.26883822064905,0.59642714166230
Mar 16 2025 19:18:00.000000000,60750.8045949074,0.32652393625196,0.68213451224779,0.26887898967300,0.59647167253654
Mar 16 2025 19:19:00.000000000,60750.805289351847,0.32648767092422,0.68209686230825,0.26891975698046,0.59651619960648
Mar 16 2025 19:20:00.000000000,60750.805983796294,0.32645140351392,0.68205920801780,0.26896052257281,0.59656072287363
Mar 16 2025 19:21:00.000000000,60750.806678240733,0.32641513402211,0.68202154937754,0.26900128644884,0.59660524233668
Mar 16 2025 19:22:00.000000000,60750.80737268518,0.32637886244861,0.68198388638727,0.26904204860877,0.59664975799586
Mar 16 2025 19:23:00.000000000,60750.808067129627,0.32634258879386,0.68194621904746,0.26908280905211,0.59669426985063
Mar 16 2025 19:24:00.000000000,60750.808761574066,0.32630631305850,0.68190854735876,0.26912356777812,0.59673877790021
Mar 16 2025 19:25:00.000000000,60750.809456018513,0.32627003524215,0.68187087132078,0.26916432478726,0.59678328214506
Mar 16 2025 19:26:00.000000000,60750.810150462959,0.32623375534502,0.68183319093375,0.26920508007925,0.59682778258491
Mar 16 2025 19:27:00.000000000,60750.810844907399,0.32619747336799,0.68179550619856,0.26924583365314,0.59687227921872
Mar 16 2025 19:28:00.000000000,60750.811539351846,0.32616118931064,0.68175781711481,0.26928658550937,0.59691677204695
Mar 16 2025 19:29:00.000000000,60750.812233796292,0.32612490317385,0.68172012368337,0.26932733564699,0.59696126106858
Mar 16 2025 19:30:00.000000000,60750.812928240732,0.32608861495679,0.68168242590342,0.26936808406689,0.59700574628458
Mar 16 2025 19:31:00.000000000,60750.813622685178,0.32605232466095,0.68164472377647,0.26940883076743,0.59705022769314
Mar 16 2025 19:32:00.000000000,60750.814317129625,0.32601603228573,0.68160701730192,0.26944957574926,0.59709470529501
Mar 16 2025 19:33:00.000000000,60750.815011574065,0.32597973783177,0.68156930648043,0.26949031901168,0.59713917908939
Mar 16 2025 19:34:00.000000000,60750.815706018511,0.32594344129889,0.68153159131181,0.26953106055488,0.59718364907651
Mar 16 2025 19:35:00.000000000,60750.816400462958,0.32590714268773,0.68149387179673,0.26957180037814,0.59722811525557
Mar 16 2025 19:36:00.000000000,60750.817094907405,0.32587084199812,0.68145614793500,0.26961253848166,0.59727257762680
Mar 16 2025 19:37:00.000000000,60750.817789351844,0.32583453923089,0.68141841972751,0.26965327486449,0.59731703618916
Mar 16 2025 19:38:00.000000000,60750.818483796291,0.32579823438587,0.68138068717406,0.26969400952684,0.59736149094287
Mar 16 2025 19:39:00.000000000,60750.819178240738,0.32576192746288,0.68134295027447,0.26973474246891,0.59740594188816
Mar 16 2025 19:40:00.000000000,60750.819872685177,0.32572561846318,0.68130520903005,0.26977547368927,0.59745038902348
Mar 16 2025 19:41:00.000000000,60750.820567129624,0.32568930738576,0.68126746343974,0.26981620318907,0.59749483235006
Mar 16 2025 19:42:00.000000000,60750.82126157407,0.32565299423251,0.68122971350552,0.26985693096619,0.59753927186560
Mar 16 2025 19:43:00.000000000,60750.82195601851,0.32561667900180,0.68119195922568,0.26989765702245,0.59758370757209
Mar 16 2025 19:44:00.000000000,60750.822650462957,0.32558036169509,0.68115420060176,0.26993838135621,0.59762813946773
Mar 16 2025 19:45:00.000000000,60750.823344907403,0.32554404231220,0.68111643763356,0.26997910396766,0.59767256755275
Mar 16 2025 19:46:00.000000000,60750.824039351843,0.32550772085338,0.68107867032132,0.27001982485656,0.59771699182686
Mar 16 2025 19:47:00.000000000,60750.824733796289,0.32547139731883,0.68104089866529,0.27006054402264,0.59776141228978
Mar 16 2025 19:48:00.000000000,60750.825428240736,0.32543507170902,0.68100312266593,0.27010126146541,0.59780582894097
Mar 16 2025 19:49:00.000000000,60750.826122685183,0.32539874402395,0.68096534232324,0.27014197718484,0.59785024178042
Mar 16 2025 19:50:00.000000000,60750.826817129622,0.32536241426345,0.68092755763705,0.27018269118114,0.59789465080833
Mar 16 2025 19:51:00.000000000,60750.827511574069,0.32532608242898,0.68088976860889,0.27022340345266,0.59793905602292
Mar 16 2025 19:52:00.000000000,60750.828206018516,0.32528974851934,0.68085197523749,0.27026411400076,0.59798345742566
Mar 16 2025 19:53:00.000000000,60750.828900462955,0.32525341253599,0.68081417752437,0.27030482282379,0.59802785501476
Mar 16 2025 19:54:00.000000000,60750.829594907402,0.32521707447813,0.68077637546872,0.27034552992266,0.59807224879120
Mar 16 2025 19:55:00.000000000,60750.830289351848,0.32518073434682,0.68073856907162,0.27038623529617,0.59811663875370
Mar 16 2025 19:56:00.000000000,60750.830983796288,0.32514439214208,0.68070075833310,0.27042693894429,0.59816102490221
Mar 16 2025 19:57:00.000000000,60750.831678240735,0.32510804786331,0.68066294325254,0.27046764086770,0.59820540723746
Mar 16 2025 19:58:00.000000000,60750.832372685181,0.32507170151200,0.68062512383148,0.27050834106475,0.59824978575767
Mar 16 2025 19:59:00.000000000,60750.833067129621,0.32503535308753,0.68058730006929,0.27054903953610,0.59829416046356
Mar 16 2025 20:00:00.000000000,60750.833761574067,0.32499900259056,0.68054947196664,0.27058973628104,0.59833853135434
Mar 16 2025 20:01:00.000000000,60750.834456018514,0.32496265002112,0.68051163952356,0.27063043129953,0.59838289842997
Mar 16 2025 20:02:00.000000000,60750.835150462954,0.32492629537922,0.68047380274008,0.27067112459154,0.59842726169045
Mar 16 2025 20:03:00.000000000,60750.8358449074,0.32488993866592,0.68043596161729,0.27071181615590,0.59847162113446
Mar 16 2025 20:04:00.000000000,60750.836539351847,0.32485357988021,0.68039811615415,0.27075250599373,0.59851597676324
Mar 16 2025 20:05:00.000000000,60750.837233796294,0.32481721902358,0.68036026635218,0.27079319410339,0.59856032857501
Mar 16 2025 20:06:00.000000000,60750.837928240733,0.32478085609562,0.68032241221098,0.27083388048530,0.59860467657022
Mar 16 2025 20:07:00.000000000,60750.83862268518,0.32474449109656,0.68028455373080,0.27087456513922,0.59864902074861
Mar 16 2025 20:08:00.000000000,60750.839317129627,0.32470812402644,0.68024669091165,0.27091524806511,0.59869336111014
Mar 16 2025 20:09:00.000000000,60750.840011574066,0.32467175488631,0.68020882375465,0.27095592926178,0.59873769765352
Mar 16 2025 20:10:00.000000000,60750.840706018513,0.32463538367516,0.68017095225873,0.27099660873038,0.59878203037998
Mar 16 2025 20:11:00.000000000,60750.841400462959,0.32459901039467,0.68013307642564,0.27103728646902,0.59882635928747
Mar 16 2025 20:12:00.000000000,60750.842094907399,0.32456263504383,0.68009519625434,0.27107796247882,0.59887068437724
Mar 16 2025 20:13:00.000000000,60750.842789351846,0.32452625762328,0.68005731174550,0.27111863675907,0.59891500564848
Mar 16 2025 20:14:00.000000000,60750.843483796292,0.32448987813347,0.68001942289957,0.27115930930928,0.59895932310067
Mar 16 2025 20:15:00.000000000,60750.844178240732,0.32445349657442,0.67998152971658,0.27119998012942,0.59900363673378
Mar 16 2025 20:16:00.000000000,60750.844872685178,0.32441711294697,0.67994363219741,0.27124064921854,0.59904794654676
Mar 16 2025 20:17:00.000000000,60750.845567129625,0.32438072724992,0.67990573034081,0.27128131657799,0.59909225254111
Mar 16 2025 20:18:00.000000000,60750.846261574065,0.32434433948473,0.67986782414829,0.27132198220614,0.59913655471503
Mar 16 2025 20:19:00.000000000,60750.846956018511,0.32430794965185,0.67982991362032,0.27136264610248,0.59918085306799
Mar 16 2025 20:20:00.000000000,60750.847650462958,0.32427155775005,0.67979199875563,0.27140330826839,0.59922514760146
Mar 16 2025 20:21:00.000000000,60750.848344907405,0.32423516378081,0.67975407955576,0.27144396870221,0.59926943831366
Mar 16 2025 20:22:00.000000000,60750.849039351844,0.32419876774395,0.67971615602051,0.27148462740415,0.59931372520480
Mar 16 2025 20:23:00.000000000,60750.849733796291,0.32416236964032,0.67967822815077,0.27152528437326,0.59935800827386
Mar 16 2025 20:24:00.000000000,60750.850428240738,0.32412596946911,0.67964029594571,0.27156593961043,0.59940228752180
Mar 16 2025 20:25:00.000000000,60750.851122685177,0.32408956723097,0.67960235940599,0.27160659311494,0.59944656294785
Mar 16 2025 20:26:00.000000000,60750.851817129624,0.32405316292635,0.67956441853209,0.27164724488630,0.59949083455146
Mar 16 2025 20:27:00.000000000,60750.85251157407,0.32401675655505,0.67952647332379,0.27168789492472,0.59953510233287
Mar 16 2025 20:28:00.000000000,60750.85320601851,0.32398034811834,0.67948852378243,0.27172854322878,0.59957936629053
Mar 16 2025 20:29:00.000000000,60750.853900462957,0.32394393761542,0.67945056990716,0.27176918979938,0.59962362642542
Mar 16 2025 20:30:00.000000000,60750.854594907403,0.32390752504715,0.67941261169889,0.27180983463557,0.59966788273651
Mar 16 2025 20:31:00.000000000,60750.855289351843,0.32387111041251,0.67937464915654,0.27185047773847,0.59971213522502
Mar 16 2025 20:32:00.000000000,60750.855983796289,0.32383469371297,0.67933668228166,0.27189111910644,0.59975638388915
Mar 16 2025 20:33:00.000000000,60750.856678240736,0.32379827494835,0.67929871107406,0.27193175873968,0.59980062872915
Mar 16 2025 20:34:00.000000000,60750.857372685183,0.32376185411993,0.67926073553505,0.27197239663678,0.59984486974345
Mar 16 2025 20:35:00.000000000,60750.858067129622,0.32372543122585,0.67922275566273,0.27201303279980,0.59988910693431
Mar 16 2025 20:36:00.000000000,60750.858761574069,0.32368900626801,0.67918477145906,0.27205366722661,0.59993334029942
Mar 16 2025 20:37:00.000000000,60750.859456018516,0.32365257924603,0.67914678292363,0.27209429991767,0.59997756983926
Mar 16 2025 20:38:00.000000000,60750.860150462955,0.32361615015991,0.67910879005647,0.27213493087293,0.60002179555380
Mar 16 2025 20:39:00.000000000,60750.860844907402,0.32357971901052,0.67907079285846,0.27217556009146,0.60006601744200
Mar 16 2025 20:40:00.000000000,60750.861539351848,0.32354328579747,0.67903279132921,0.27221618757368,0.60011023550434
Mar 16 2025 20:41:00.000000000,60750.862233796288,0.32350685052160,0.67899478546960,0.27225681331864,0.60015444973979
Mar 16 2025 20:42:00.000000000,60750.862928240735,0.32347041318295,0.67895677527966,0.27229743732631,0.60019866014830
Mar 16 2025 20:43:00.000000000,60750.863622685181,0.32343397378092,0.67891876075876,0.27233805959737,0.60024286673062
Mar 16 2025 20:44:00.000000000,60750.864317129621,0.32339753231698,0.67888074190844,0.27237868013016,0.60028706948494
Mar 16 2025 20:45:00.000000000,60750.865011574067,0.32336108879115,0.67884271872873,0.27241929892466,0.60033126841124
Mar 16 2025 20:46:00.000000000,60750.865706018514,0.32332464320285,0.67880469121901,0.27245991598154,0.60037546351025
Mar 16 2025 20:47:00.000000000,60750.866400462954,0.32328819555291,0.67876665938016,0.27250053129983,0.60041965478092
Mar 16 2025 20:48:00.000000000,60750.8670949074,0.32325174584137,0.67872862321221,0.27254114487952,0.60046384222324
Mar 16 2025 20:49:00.000000000,60750.867789351847,0.32321529406867,0.67869058271561,0.27258175672012,0.60050802583666
Mar 16 2025 20:50:00.000000000,60750.868483796294,0.32317884023483,0.67865253789041,0.27262236682159,0.60055220562116
Mar 16 2025 20:51:00.000000000,60750.869178240733,0.32314238434028,0.67861448873704,0.27266297518346,0.60059638157621
Mar 16 2025 20:52:00.000000000,60750.86987268518,0.32310592638485,0.67857643525533,0.27270358180591,0.60064055370202
Mar 16 2025 20:53:00.000000000,60750.870567129627,0.32306946636981,0.67853837744659,0.27274418668755,0.60068472199707
Mar 16 2025 20:54:00.000000000,60750.871261574066,0.32303300429393,0.67850031530956,0.27278478982972,0.60072888646282
Mar 16 2025 20:55:00.000000000,60750.871956018513,0.32299654015890,0.67846224884598,0.27282539123055,0.60077304709725
Mar 16 2025 20:56:00.000000000,60750.872650462959,0.32296007396350,0.67842417805459,0.27286599089140,0.60081720390182
Mar 16 2025 20:57:00.000000000,60750.873344907399,0.32292360570900,0.67838610293671,0.27290658881087,0.60086135687500
Mar 16 2025 20:58:00.000000000,60750.874039351846,0.32288713539521,0.67834802349215,0.27294718498914,0.60090550601702
Mar 16 2025 20:59:00.000000000,60750.874733796292,0.32285066302257,0.67830993972137,0.27298777942573,0.60094965132734
Mar 16 2025 21:00:00.000000000,60750.875428240732,0.32281418859090,0.67827185162417,0.27302837212085,0.60099379280618
Mar 16 2025 21:01:00.000000000,60750.876122685178,0.32277771210147,0.67823375920189,0.27306896307308,0.60103793045201
Mar 16 2025 21:02:00.000000000,60750.876817129625,0.32274123355327,0.67819566245346,0.27310955228355,0.60108206426606
Mar 16 2025 21:03:00.000000000,60750.877511574065,0.32270475294736,0.67815756137999,0.27315013975108,0.60112619424703
Mar 16 2025 21:04:00.000000000,60750.878206018511,0.32266827028314,0.67811945598086,0.27319072547633,0.60117032039566
Mar 16 2025 21:05:00.000000000,60750.878900462958,0.32263178556208,0.67808134625762,0.27323130945767,0.60121444271015
Mar 16 2025 21:06:00.000000000,60750.879594907405,0.32259529878277,0.67804323220876,0.27327189169667,0.60125856119224
Mar 16 2025 21:07:00.000000000,60750.880289351844,0.32255880994687,0.67800511383605,0.27331247219146,0.60130267583988
Mar 16 2025 21:08:00.000000000,60750.880983796291,0.32252231905422,0.67796699113930,0.27335305094225,0.60134678665330
Mar 16 2025 21:09:00.000000000,60750.881678240738,0.32248582610484,0.67792886411853,0.27339362794901,0.60139089363247
Mar 16 2025 21:10:00.000000000,60750.882372685177,0.32244933109895,0.67789073277399,0.27343420321148,0.60143499677711
Mar 16 2025 21:11:00.000000000,60750.883067129624,0.32241283403699,0.67785259710613,0.27347477672918,0.60147909608669
Mar 16 2025 21:12:00.000000000,60750.88376157407,0.32237633491942,0.67781445711541,0.27351534850161,0.60152319156068
Mar 16 2025 21:13:00.000000000,60750.88445601851,0.32233983374582,0.67777631280144,0.27355591852920,0.60156728319954
Mar 16 2025 21:14:00.000000000,60750.885150462957,0.32230333051686,0.67773816416487,0.27359648681125,0.60161137100251
Mar 16 2025 21:15:00.000000000,60750.885844907403,0.32226682523235,0.67770001120552,0.27363705334795,0.60165545496979
Mar 16 2025 21:16:00.000000000,60750.886539351843,0.32223031789335,0.67766185392451,0.27367761813811,0.60169953510011
Mar 16 2025 21:17:00.000000000,60750.887233796289,0.32219380849948,0.67762369232141,0.27371818118218,0.60174361139393
Mar 16 2025 21:18:00.000000000,60750.887928240736,0.32215729705137,0.67758552639692,0.27375874247944,0.60178768385049
Mar 16 2025 21:19:00.000000000,60750.888622685183,0.32212078354843,0.67754735615040,0.27379930203055,0.60183175247049
Mar 16 2025 21:20:00.000000000,60750.889317129622,0.32208426799151,0.67750918158274,0.27383985983456,0.60187581725291
Mar 16 2025 21:21:00.000000000,60750.890011574069,0.32204775038085,0.67747100269420,0.27388041589121,0.60191987819747
Mar 16 2025 21:22:00.000000000,60750.890706018516,0.32201123071669,0.67743281948501,0.27392097020024,0.60196393530389
Mar 16 2025 21:23:00.000000000,60750.891400462955,0.32197470899882,0.67739463195498,0.27396152276186,0.60200798857239
Mar 16 2025 21:24:00.000000000,60750.892094907402,0.32193818522812,0.67735644010500,0.27400207357511,0.60205203800193
Mar 16 2025 21:25:00.000000000,60750.892789351848,0.32190165940398,0.67731824393446,0.27404262264067,0.60209608359325
Mar 16 2025 21:26:00.000000000,60750.893483796288,0.32186513152830,0.67728004344532,0.27408316995643,0.60214012534404
Mar 16 2025 21:27:00.000000000,60750.894178240735,0.32182860159902,0.67724183863544,0.27412371552466,0.60218416325681
Mar 16 2025 21:28:00.000000000,60750.894872685181,0.32179206961846,0.67720362950725,0.27416425934280,0.60222819732875
Mar 16 2025 21:29:00.000000000,60750.895567129621,0.32175553558538,0.67716541605945,0.27420480141222,0.60227222756134
Mar 16 2025 21:30:00.000000000,60750.896261574067,0.32171899950065,0.67712719829295,0.27424534173195,0.60231625395355
Mar 16 2025 21:31:00.000000000,60750.896956018514,0.32168246136492,0.67708897620842,0.27428588030129,0.60236027650459
Mar 16 2025 21:32:00.000000000,60750.897650462954,0.32164592117737,0.67705074980502,0.27432641712112,0.60240429521545
Mar 16 2025 21:33:00.000000000,60750.8983449074,0.32160937893887,0.67701251908365,0.27436695219050,0.60244831008510
Mar 16 2025 21:34:00.000000000,60750.899039351847,0.32157283464964,0.67697428404454,0.27440748550916,0.60249232111324
Mar 16 2025 21:35:00.000000000,60750.899733796294,0.32153628831013,0.67693604468816,0.27444801707662,0.60253632829935
Mar 16 2025 21:36:00.000000000,60750.900428240733,0.32149973991974,0.67689780101387,0.27448854689355,0.60258033164416
Mar 16 2025 21:37:00.000000000,60750.90112268518,0.32146318947953,0.67685955302280,0.27452907495876,0.60262433114638
Mar 16 2025 21:38:00.000000000,60750.901817129627,0.32142663698910,0.67682130071454,0.27456960127269,0.60266832680648
Mar 16 2025 21:39:00.000000000,60750.902511574066,0.32139008244995,0.67678304409063,0.27461012583370,0.60271231862268
Mar 16 2025 21:40:00.000000000,60750.903206018513,0.32135352586063,0.67674478314957,0.27465064864336,0.60275630659671
Mar 16 2025 21:41:00.000000000,60750.903900462959,0.32131696722221,0.67670651789248,0.27469116970051,0.60280029072729
Mar 16 2025 21:42:00.000000000,60750.904594907399,0.32128040653472,0.67666824831938,0.27473168900512,0.60284427101438
Mar 16 2025 21:43:00.000000000,60750.905289351846,0.32124384379902,0.67662997443118,0.27477220655623,0.60288824745695
Mar 16 2025 21:44:00.000000000,60750.905983796292,0.32120727901470,0.67659169622745,0.27481272235428,0.60293222005548
Mar 16 2025 21:45:00.000000000,60750.906678240732,0.32117071218180,0.67655341370823,0.27485323639925,0.60297618880994
Mar 16 2025 21:46:00.000000000,60750.907372685178,0.32113414330138,0.67651512687463,0.27489374868994,0.60302015371905
Mar 16 2025 21:47:00.000000000,60750.908067129625,0.32109757237263,0.67647683572581,0.27493425922727,0.60306411478378
Mar 16 2025 21:48:00.000000000,60750.908761574065,0.32106099939683,0.67643854026309,0.27497476800981,0.60310807200259
Mar 16 2025 21:49:00.000000000,60750.909456018511,0.32102442437379,0.67640024048629,0.27501527503777,0.60315202537572
Mar 16 2025 21:50:00.000000000,60750.910150462958,0.32098784730312,0.67636193639499,0.27505578031159,0.60319597490363
Mar 16 2025 21:51:00.000000000,60750.910844907405,0.32095126818588,0.67632362799031,0.27509628383008,0.60323992058503
Mar 16 2025 21:52:00.000000000,60750.911539351844,0.32091468702231,0.67628531527250,0.27513678559298,0.60328386241967
Mar 16 2025 21:53:00.000000000,60750.912233796291,0.32087810381181,0.67624699824092,0.27517728560097,0.60332780040824
Mar 16 2025 21:54:00.000000000,60750.912928240738,0.32084151855606,0.67620867689734,0.27521778385217,0.60337173454873
Mar 16 2025 21:55:00.000000000,60750.913622685177,0.32080493125385,0.67617035124048,0.27525828034794,0.60341566484260
Mar 16 2025 21:56:00.000000000,60750.914317129624,0.32076834190581,0.67613202127103,0.27529877508755,0.60345959128908
Mar 16 2025 21:57:00.000000000,60750.91501157407,0.32073175051261,0.67609368698966,0.27533926807029,0.60350351388739
Mar 16 2025 21:58:00.000000000,60750.91570601851,0.32069515707426,0.67605534839639,0.27537975929613,0.60354743263750
Mar 16 2025 21:59:00.000000000,60750.916400462957,0.32065856159058,0.67601700549104,0.27542024876527,0.60359134753962
Mar 16 2025 22:00:00.000000000,60750.917094907403,0.32062196406264,0.67597865827472,0.27546073647654,0.60363525859249
